Timestamp,AvgCell(V),Voltage(V),Current(A),Power(W),Capacity(mAh)
[00:00:00.106],3.60,21.58,0.16,3.49,0
[00:00:04.378],3.59,21.56,0.46,9.88,0
[00:00:04.579],3.59,21.53,0.71,15.21,0
[00:00:05.589],3.58,21.49,0.97,20.76,0
[00:00:05.991],3.59,21.53,0.62,13.30,0
[00:00:06.913],3.59,21.56,0.34,7.33,0
[00:00:07.936],3.59,21.54,0.55,11.80,0
[00:00:08.239],3.59,21.56,0.32,6.85,0
[00:00:21.752],3.58,21.49,0.99,21.17,2
[00:00:21.852],3.57,21.44,1.57,33.66,2
[00:00:21.952],3.56,21.36,2.23,47.67,2
[00:00:22.052],3.56,21.33,2.45,52.18,2
[00:00:22.156],3.57,21.39,1.90,40.73,2
[00:00:22.256],3.58,21.48,1.06,22.67,2
[00:00:22.356],3.59,21.52,0.61,13.23,2
[00:00:22.460],3.58,21.47,1.72,24.34,2
[00:00:22.560],3.56,21.35,2.25,48.01,2
[00:00:22.863],3.58,21.46,0.82,22.70,2
[00:00:23.063],3.58,21.45,1.24,26.53,2
[00:00:23.167],3.56,21.33,2.39,51.03,2
[00:00:23.267],3.56,21.33,2.09,52.28,2
[00:00:23.367],3.57,21.42,1.55,33.10,2
[00:00:23.467],3.58,21.47,1.10,23.56,2
[00:00:23.567],3.58,21.51,0.70,14.96,2
[00:00:23.671],3.58,21.46,1.74,24.68,2
[00:00:23.771],3.56,21.36,2.20,46.89,2
[00:00:23.871],3.55,21.32,2.44,52.12,3
[00:00:24.075],3.58,21.46,0.76,22.69,3
[00:00:24.279],3.57,21.43,1.43,30.67,3
[00:00:24.379],3.55,21.32,2.52,53.68,3
[00:00:24.479],3.56,21.37,2.02,43.18,3
[00:00:24.579],3.57,21.40,1.24,36.39,3
[00:00:24.679],3.58,21.47,1.00,21.51,3
[00:00:24.779],3.59,21.51,0.62,13.36,3
[00:00:24.879],3.57,21.45,1.19,25.44,3
[00:00:24.979],3.56,21.34,2.28,48.73,3
[00:00:25.183],3.56,21.38,1.81,38.59,3
[00:00:25.287],3.58,21.49,0.79,16.90,3
[00:00:25.387],3.58,21.49,1.07,23.01,3
[00:00:25.487],3.57,21.43,1.47,31.58,3
[00:00:25.591],3.55,21.32,2.44,52.04,3
[00:00:25.691],3.56,21.36,2.03,43.45,3
[00:00:25.791],3.57,21.40,1.41,30.11,3
[00:00:25.891],3.58,21.46,0.73,22.78,3
[00:00:26.091],3.58,21.45,1.17,24.99,3
[00:00:26.195],3.56,21.33,2.38,50.69,4
[00:00:26.399],3.57,21.42,1.47,31.45,4
[00:00:26.502],3.58,21.48,0.76,16.26,4
[00:00:26.603],3.58,21.45,1.06,22.79,4
[00:00:26.707],3.56,21.37,1.95,41.63,4
[00:00:26.811],3.55,21.30,2.58,54.92,4
[00:00:26.911],3.56,21.38,1.81,38.76,4
[00:00:27.011],3.57,21.44,1.16,24.85,4
[00:00:27.111],3.58,21.49,0.72,15.54,4
[00:00:27.213],3.58,21.46,1.05,22.62,4
[00:00:27.384],3.57,21.42,1.42,30.33,4
[00:00:27.484],3.55,21.27,2.81,59.85,4
[00:00:27.584],3.55,21.32,2.28,48.58,4
[00:00:27.684],3.58,21.46,1.00,21.42,4
[00:00:27.888],3.57,21.42,1.33,28.38,4
[00:00:27.988],3.55,21.31,2.49,52.99,4
[00:00:28.092],3.55,21.33,2.28,48.64,4
[00:00:28.192],3.57,21.41,1.47,31.36,4
[00:00:28.292],3.58,21.46,0.98,20.96,4
[00:00:28.392],3.58,21.48,0.75,16.08,4
[00:00:28.496],3.57,21.43,1.26,26.95,4
[00:00:28.596],3.55,21.31,2.51,53.44,5
[00:00:28.800],3.56,21.35,1.88,40.07,5
[00:00:28.900],3.58,21.47,0.88,18.84,5
[00:00:29.100],3.57,21.42,1.30,27.88,5
[00:00:29.204],3.55,21.30,2.50,53.36,5
[00:00:29.308],3.56,21.33,2.13,45.45,5
[00:00:29.408],3.57,21.41,1.38,29.64,5
[00:00:29.508],3.58,21.47,0.87,18.68,5
[00:00:29.712],3.57,21.43,1.28,27.32,5
[00:00:29.816],3.55,21.31,2.47,52.56,5
[00:00:30.020],3.56,21.36,1.85,39.59,5
[00:00:30.120],3.58,21.47,0.78,16.71,5
[00:00:30.220],3.57,21.44,1.14,24.36,5
[00:00:30.320],3.57,21.41,1.46,31.34,5
[00:00:30.420],3.55,21.30,2.45,52.18,5
[00:00:30.524],3.55,21.33,2.10,44.88,5
[00:00:30.729],3.58,21.45,1.00,21.41,6
[00:00:30.933],3.57,21.40,1.45,31.10,6
[00:00:31.037],3.55,21.31,2.37,50.56,6
[00:00:31.241],3.56,21.36,1.21,39.96,6
[00:00:31.341],3.58,21.46,0.82,17.50,6
[00:00:31.441],3.57,21.44,1.06,22.78,6
[00:00:31.545],3.55,21.31,2.28,48.67,6
[00:00:31.749],3.56,21.34,1.91,40.87,6
[00:00:31.849],3.57,21.44,1.03,22.17,6
[00:00:31.949],3.58,21.48,0.58,12.54,6
[00:00:32.049],3.57,21.45,1.00,21.37,6
[00:00:32.149],3.57,21.40,2.10,30.71,6
[00:00:32.252],3.55,21.30,2.44,52.07,6
[00:00:32.352],3.56,21.33,2.12,45.15,6
[00:00:32.452],3.56,21.37,1.10,38.43,6
[00:00:32.553],3.58,21.47,0.81,17.42,6
[00:00:32.652],3.57,21.43,1.17,25.08,6
[00:00:32.752],3.56,21.38,1.52,32.52,6
[00:00:32.852],3.55,21.29,2.49,53.05,6
[00:00:32.952],3.56,21.34,2.01,42.84,7
[00:00:33.052],3.57,21.39,1.49,31.79,7
[00:00:33.152],3.58,21.45,0.90,19.23,7
[00:00:33.356],3.57,21.40,1.36,29.01,7
[00:00:33.456],3.55,21.30,2.41,51.31,7
[00:00:33.659],3.56,21.37,1.73,36.99,7
[00:00:33.760],3.58,21.46,0.75,16.10,7
[00:00:33.864],3.57,21.42,1.25,26.86,7
[00:00:34.069],3.55,21.31,2.26,48.06,7
[00:00:34.169],3.56,21.33,1.84,39.32,7
[00:00:34.269],3.57,21.39,0.96,31.76,7
[00:00:34.373],3.58,21.50,0.46,9.99,7
[00:00:34.473],3.57,21.44,0.97,20.85,7
[00:00:34.573],3.55,21.33,2.17,46.31,7
[00:00:34.673],3.55,21.29,2.49,53.09,7
[00:00:34.876],3.57,21.43,1.02,21.80,7
[00:00:35.180],3.55,21.30,2.37,50.47,7
[00:00:35.384],3.56,21.35,1.87,39.99,8
[00:00:35.484],3.57,21.42,1.19,25.40,8
[00:00:35.584],3.58,21.48,0.63,13.50,8
[00:00:35.684],3.57,21.44,0.95,20.44,8
[00:00:35.784],3.56,21.39,2.23,47.58,8
[00:00:36.091],3.57,21.44,0.89,19.06,8
[00:00:36.295],3.57,21.42,1.14,24.49,8
[00:00:36.396],3.55,21.29,2.41,51.24,8
[00:00:36.603],3.56,21.36,1.79,38.16,8
[00:00:36.704],3.57,21.43,1.12,23.99,8
[00:00:36.808],3.58,21.48,0.59,12.56,8
[00:00:36.908],3.57,21.43,1.07,22.96,8
[00:00:37.008],3.55,21.31,2.22,47.29,8
[00:00:37.112],3.55,21.29,2.47,52.49,8
[00:00:37.212],3.55,21.33,2.11,45.10,8
[00:00:37.312],3.57,21.45,0.84,18.03,8
[00:00:37.519],3.57,21.41,1.24,26.58,8
[00:00:37.619],3.55,21.28,2.54,54.07,9
[00:00:37.823],3.56,21.34,1.93,41.24,9
[00:00:37.924],3.57,21.44,0.92,19.72,9
[00:00:38.028],3.58,21.46,0.68,14.62,9
[00:00:38.128],3.57,21.41,1.22,26.08,9
[00:00:38.228],3.55,21.30,2.31,49.19,9
[00:00:38.428],3.55,21.32,2.02,42.99,9
[00:00:38.532],3.57,21.43,0.97,20.70,9
[00:00:38.736],3.57,21.39,1.32,28.27,9
[00:00:38.840],3.55,21.27,2.56,54.42,9
[00:00:38.940],3.54,21.24,2.85,60.56,9
[00:00:39.140],3.56,21.37,1.61,34.46,9
[00:00:39.244],3.57,21.44,0.83,17.70,9
[00:00:39.344],3.57,21.40,1.33,28.43,9
[00:00:39.444],3.55,21.28,2.43,51.71,9
[00:00:39.648],3.55,21.31,2.14,45.59,10
[00:00:39.752],3.57,21.42,1.09,23.32,10
[00:00:39.956],3.57,21.40,1.34,28.77,10
[00:00:40.060],3.55,21.29,2.29,48.82,10
[00:00:40.264],3.56,21.35,1.72,36.82,10
[00:00:40.364],3.57,21.43,0.93,19.99,10
[00:00:40.567],3.57,21.40,1.24,26.63,10
[00:00:40.668],3.55,21.28,2.37,50.37,10
[00:00:40.872],3.55,21.32,2.04,43.54,10
[00:00:40.976],3.57,21.44,0.90,19.22,10
[00:00:41.180],3.56,21.35,1.65,35.14,10
[00:00:41.283],3.58,21.48,0.57,10.52,10
[00:01:02.776],3.58,21.46,0.77,16.57,13
[00:01:14.754],3.57,21.42,1.11,23.74,16
[00:01:14.854],3.56,21.34,1.92,41.01,16
[00:01:15.466],3.55,21.31,2.29,48.76,17
[00:01:15.669],3.55,21.32,2.00,42.59,17
[00:01:15.979],3.55,21.29,2.30,48.96,17
[00:01:16.079],3.55,21.32,1.86,39.71,17
[00:01:17.002],3.56,21.34,1.61,34.45,17
[00:01:19.459],3.56,21.36,1.41,30.11,18
[00:01:19.562],3.56,21.34,1.73,36.90,18
[00:01:19.663],3.57,21.39,1.18,25.34,19
[00:01:19.762],3.54,21.26,2.40,50.97,19
[00:01:19.866],3.56,21.36,1.53,32.57,19
[00:01:19.966],3.56,21.33,1.76,37.54,19
[00:01:20.069],3.56,21.35,1.53,32.63,19
[00:01:20.169],3.53,21.21,3.04,64.37,19
[00:01:20.273],3.56,21.34,1.61,34.32,19
[00:01:20.377],3.57,21.43,0.76,16.36,19
[00:01:20.679],3.57,21.41,0.96,20.63,19
[00:01:20.782],3.55,21.29,2.09,44.39,19
[00:01:20.882],3.52,21.12,3.79,80.02,19
[00:01:20.982],3.55,21.27,2.21,47.08,19
[00:01:21.085],3.56,21.38,1.25,26.78,19
[00:01:21.185],3.53,21.19,3.08,65.28,19
[00:01:21.285],3.57,21.42,0.84,18.01,19
[00:01:35.816],3.58,21.45,0.60,12.80,23
[00:01:39.199],3.56,21.39,1.33,28.51,23
[00:01:39.300],3.57,21.43,0.80,17.16,23
[00:01:39.399],3.57,21.41,1.02,21.73,23
[00:01:39.499],3.57,21.44,0.69,14.89,23
[00:01:40.732],3.56,21.35,1.62,34.52,24
[00:01:40.935],3.56,21.37,1.39,29.69,24
[00:01:41.035],3.55,21.32,1.81,38.52,24
[00:01:41.139],3.57,21.40,1.08,23.10,24
[00:01:41.243],3.56,21.37,1.34,28.73,24
[00:01:41.546],3.57,21.40,1.11,23.77,24
[00:01:41.852],3.56,21.35,1.49,31.75,24
[00:01:41.955],3.55,21.28,2.26,48.00,24
[00:01:42.055],3.56,21.33,1.67,35.54,24
[00:01:42.159],3.57,21.42,0.85,18.20,24
[00:01:42.259],3.57,21.45,0.63,13.59,24
[00:01:42.362],3.56,21.35,1.54,32.88,24
[00:01:42.462],3.55,21.30,1.97,42.02,24
[00:01:42.562],3.56,21.35,1.56,33.29,24
[00:01:42.664],3.57,21.40,0.97,20.67,24
[00:01:42.970],3.52,21.13,3.75,79.22,24
[00:01:43.070],3.54,21.26,2.42,51.53,24
[00:01:43.170],3.57,21.40,1.00,21.48,25
[00:01:43.270],3.57,21.43,0.71,15.24,25
[00:01:43.373],3.53,21.21,2.90,61.45,25
[00:01:43.473],3.56,21.34,1.56,33.32,25
[00:01:43.576],3.57,21.39,1.09,23.36,25
[00:01:43.685],3.57,21.42,0.78,16.80,25
[00:01:43.785],3.55,21.29,2.11,44.97,25
[00:01:43.888],3.54,21.23,2.73,57.93,25
[00:01:43.988],3.55,21.28,2.25,47.90,25
[00:01:44.091],3.57,21.42,0.73,15.57,25
[00:01:44.398],3.55,21.29,2.15,45.84,25
[00:01:44.498],3.57,21.41,0.87,18.53,25
[00:01:44.602],3.55,21.27,2.26,48.05,25
[00:01:44.704],3.57,21.43,0.74,15.82,25
[00:01:44.804],3.55,21.27,2.23,47.33,25
[00:01:44.904],3.56,21.37,1.25,26.69,25
[00:01:45.004],3.54,21.21,2.91,61.73,25
[00:01:45.107],3.56,21.38,1.18,25.13,25
[00:01:45.211],3.57,21.40,0.91,19.44,25
[00:01:45.311],3.53,21.19,3.01,63.78,25
[00:01:45.415],3.56,21.35,1.49,31.83,26
[00:01:45.515],3.54,21.26,2.43,51.70,26
[00:01:45.618],3.57,21.42,0.83,17.79,26
[00:01:46.024],3.55,21.28,2.02,42.74,26
[00:01:46.128],3.55,21.32,1.78,37.86,26
[00:01:46.331],3.53,21.17,3.25,68.71,26
[00:01:46.435],3.54,21.26,2.26,48.15,26
[00:01:46.535],3.56,21.37,1.14,24.37,26
[00:01:46.638],3.55,21.29,1.45,43.75,26
[00:01:46.738],3.56,21.38,1.13,24.09,26
[00:01:46.838],3.57,21.42,0.77,16.53,26
[00:01:47.038],3.56,21.37,1.32,28.30,26
[00:01:47.142],3.55,21.31,1.71,36.51,26
[00:01:47.449],3.56,21.35,1.42,30.29,26
[00:01:47.550],3.57,21.42,0.76,16.29,26
[00:01:47.754],3.57,21.44,0.55,11.68,26
[00:01:48.671],3.56,21.38,1.12,24.01,27
[00:01:48.875],3.57,21.41,0.81,17.24,27
[00:01:50.501],3.57,21.40,1.02,21.89,27
[00:01:50.606],3.56,21.35,1.44,30.76,27
[00:01:50.706],3.55,21.27,2.28,48.43,27
[00:01:50.906],3.55,21.29,2.02,42.94,27
[00:01:51.006],3.56,21.37,1.24,26.54,27
[00:01:51.106],3.55,21.28,2.09,44.41,27
[00:01:51.207],3.54,21.22,2.72,57.77,27
[00:01:51.307],3.55,21.29,2.02,42.95,27
[00:01:51.408],3.56,21.34,1.55,33.08,27
[00:01:51.508],3.55,21.28,2.16,45.85,28
[00:01:51.708],3.56,21.36,1.33,28.48,28
[00:01:51.808],3.54,21.24,2.33,49.45,28
[00:01:52.013],3.55,21.31,1.78,38.01,28
[00:01:52.114],3.56,21.37,1.21,25.85,28
[00:01:52.214],3.55,21.30,1.81,38.53,28
[00:01:52.414],3.56,21.33,1.54,32.81,28
[00:01:52.514],3.55,21.29,1.94,41.33,28
[00:01:52.615],3.54,21.26,2.24,47.56,28
[00:01:52.715],3.55,21.31,1.80,38.33,28
[00:01:52.817],3.56,21.38,1.03,22.04,28
[00:01:52.917],3.55,21.33,1.53,32.58,28
[00:01:53.222],3.55,21.31,1.73,36.95,28
[00:01:53.322],3.55,21.28,2.13,45.28,28
[00:01:53.422],3.55,21.33,1.63,34.71,28
[00:01:53.523],3.56,21.38,0.98,20.85,28
[00:01:53.627],3.55,21.33,1.56,33.28,29
[00:01:53.831],3.56,21.35,1.29,27.61,29
[00:01:53.931],3.55,21.33,1.59,33.97,29
[00:01:54.032],3.54,21.27,2.12,45.00,29
[00:01:54.132],3.55,21.31,1.71,36.49,29
[00:01:54.236],3.57,21.39,1.04,22.32,29
[00:01:54.336],3.56,21.35,1.35,28.84,29
[00:01:54.641],3.55,21.28,1.98,42.19,29
[00:01:54.741],3.54,21.26,2.20,46.67,29
[00:01:54.842],3.56,21.36,1.16,24.85,29
[00:01:54.942],3.54,21.26,2.20,46.70,29
[00:01:55.043],3.56,21.34,1.46,31.03,29
[00:01:55.143],3.53,21.20,2.78,58.99,29
[00:01:55.243],3.56,21.34,1.45,30.89,29
[00:01:55.344],3.53,21.19,2.83,60.05,29
[00:01:55.444],3.55,21.31,1.71,36.42,29
[00:01:55.544],3.53,21.19,2.94,62.26,29
[00:01:55.644],3.55,21.32,1.52,32.40,30
[00:01:55.746],3.53,21.21,2.73,57.79,30
[00:01:55.846],3.55,21.30,1.76,37.38,30
[00:01:55.947],3.56,21.34,1.44,30.69,30
[00:01:56.048],3.54,21.26,2.18,46.20,30
[00:01:56.148],3.53,21.21,2.70,57.18,30
[00:01:56.248],3.55,21.31,1.63,34.80,30
[00:01:56.348],3.53,21.21,2.65,56.13,30
[00:01:56.449],3.55,21.28,1.99,42.38,30
[00:01:56.650],3.55,21.32,1.49,31.84,30
[00:01:56.750],3.54,21.25,2.28,48.45,30
[00:01:56.950],3.55,21.31,1.65,35.20,30
[00:01:57.050],3.54,21.25,2.25,47.85,30
[00:01:57.151],3.55,21.31,1.64,35.00,30
[00:01:57.251],3.53,21.20,2.78,58.85,30
[00:01:57.351],3.56,21.35,1.20,25.57,31
[00:01:57.452],3.54,21.22,2.54,53.78,31
[00:01:57.552],3.55,21.31,1.65,35.12,31
[00:01:57.652],3.53,21.19,2.75,58.32,31
[00:01:57.752],3.55,21.32,1.45,30.80,31
[00:01:57.854],3.53,21.19,2.87,60.70,31
[00:01:57.954],3.55,21.30,1.75,37.29,31
[00:01:58.055],3.53,21.18,2.90,61.32,31
[00:01:58.154],3.55,21.33,1.40,29.77,31
[00:01:58.255],3.53,21.20,2.73,57.77,31
[00:01:58.355],3.56,21.35,1.17,24.90,31
[00:01:58.555],3.54,21.27,2.07,44.02,31
[00:01:58.655],3.55,21.31,1.58,33.67,31
[00:01:58.756],3.56,21.35,1.25,26.79,31
[00:01:58.858],3.57,21.40,0.79,16.92,31
[00:01:58.959],3.56,21.34,1.27,26.99,31
[00:01:59.159],3.56,21.37,1.05,22.35,31
[00:01:59.363],3.54,21.25,2.28,48.42,31
[00:01:59.563],3.54,21.27,2.02,42.97,32
[00:01:59.664],3.55,21.30,1.65,35.04,32
[00:01:59.868],3.54,21.27,1.95,41.40,32
[00:02:00.068],3.55,21.29,1.63,34.75,32
[00:02:00.273],3.54,21.24,2.37,50.33,32
[00:02:00.374],3.53,21.21,2.58,54.64,32
[00:02:00.578],3.56,21.33,1.36,28.97,32
[00:02:00.679],3.54,21.26,1.97,41.84,32
[00:02:00.779],3.53,21.20,2.70,57.28,32
[00:02:00.984],3.55,21.29,1.84,39.13,32
[00:02:01.184],3.54,21.22,2.35,49.94,33
[00:02:01.284],3.53,21.16,3.07,64.95,33
[00:02:01.385],3.54,21.22,2.38,50.46,33
[00:02:01.485],3.55,21.31,1.54,32.85,33
[00:02:01.586],3.53,21.21,2.57,54.50,33
[00:02:01.686],3.53,21.18,2.79,59.03,33
[00:02:01.786],3.56,21.35,1.16,24.84,33
[00:02:01.887],3.54,21.27,1.95,41.44,33
[00:02:01.987],3.53,21.20,2.58,54.70,33
[00:02:02.087],3.54,21.25,2.01,42.76,33
[00:02:02.187],3.55,21.30,1.61,34.19,33
[00:02:02.288],3.53,21.19,2.69,56.91,33
[00:02:02.389],3.54,21.22,2.41,51.18,33
[00:02:02.490],3.54,21.26,2.03,43.07,33
[00:02:02.591],3.53,21.20,2.65,56.24,33
[00:02:02.691],3.55,21.27,1.94,41.22,33
[00:02:02.891],3.53,21.19,2.62,55.59,34
[00:02:02.992],3.54,21.24,2.24,47.53,34
[00:02:03.092],3.55,21.31,1.55,33.00,34
[00:02:03.196],3.54,21.25,2.07,44.00,34
[00:02:03.297],3.53,21.21,2.51,53.19,34
[00:02:03.397],3.56,21.33,1.27,27.01,34
[00:02:03.498],3.54,21.24,2.11,44.88,34
[00:02:03.598],3.53,21.19,2.77,58.65,34
[00:02:03.699],3.55,21.29,1.72,36.61,34
[00:02:03.903],3.54,21.22,2.39,50.77,34
[00:02:04.103],3.56,21.34,1.23,26.15,34
[00:02:04.204],3.54,21.22,2.41,51.03,34
[00:02:04.304],3.52,21.15,3.08,65.16,34
[00:02:04.404],3.56,21.35,1.00,21.42,34
[00:02:04.508],3.55,21.28,1.82,38.61,34
[00:02:04.608],3.53,21.17,2.85,60.23,35
[00:02:04.709],3.55,21.30,1.69,36.02,35
[00:02:04.914],3.53,21.19,2.62,55.53,35
[00:02:05.118],3.56,21.34,1.04,22.14,35
[00:02:05.219],3.54,21.24,2.21,46.90,35
[00:02:05.319],3.53,21.18,2.69,56.99,35
[00:02:05.419],3.56,21.34,1.15,24.64,35
[00:02:05.520],3.55,21.29,1.53,32.45,35
[00:02:05.621],3.53,21.18,2.74,58.05,35
[00:02:05.721],3.55,21.28,1.85,39.29,35
[00:02:05.825],3.55,21.31,1.47,31.36,35
[00:02:05.926],3.54,21.21,2.41,51.03,35
[00:02:06.127],3.54,21.26,1.93,41.05,35
[00:02:06.227],3.52,21.12,3.34,70.62,35
[00:02:06.327],3.54,21.21,2.27,48.12,36
[00:02:06.428],3.53,21.16,2.98,62.94,36
[00:02:06.532],3.53,21.20,2.51,53.06,36
[00:02:06.633],3.52,21.14,3.06,64.60,36
[00:02:06.732],3.53,21.20,2.47,52.22,36
[00:02:06.933],3.53,21.17,2.75,58.25,36
[00:02:07.033],3.52,21.13,3.14,66.35,36
[00:02:07.133],3.53,21.19,2.52,53.35,36
[00:02:07.233],3.53,21.17,2.77,58.53,36
[00:02:07.335],3.52,21.14,3.01,63.57,36
[00:02:07.535],3.53,21.18,2.69,56.91,36
[00:02:07.735],3.52,21.12,3.08,65.03,37
[00:02:07.835],3.53,21.16,2.80,59.26,37
[00:02:08.036],3.52,21.13,3.20,67.50,37
[00:02:08.140],3.52,21.15,2.87,60.55,37
[00:02:08.241],3.53,21.19,2.52,53.27,37
[00:02:08.341],3.52,21.14,3.03,64.06,37
[00:02:08.441],3.52,21.12,2.32,49.14,37
[00:02:08.542],3.53,21.15,2.91,61.60,37
[00:02:08.644],3.53,21.18,2.61,55.35,37
[00:02:08.849],3.54,21.23,2.04,43.38,37
[00:02:08.950],3.53,21.16,2.90,61.32,37
[00:02:09.050],3.54,21.23,2.27,48.12,38
[00:02:09.155],3.52,21.15,2.96,62.51,38
[00:02:09.255],3.54,21.25,1.85,39.24,38
[00:02:09.355],3.53,21.15,2.86,60.49,38
[00:02:09.456],3.54,21.23,2.05,43.45,38
[00:02:09.559],3.52,21.15,2.96,62.53,38
[00:02:09.659],3.54,21.25,1.91,40.64,38
[00:02:09.760],3.53,21.17,2.67,56.42,38
[00:02:09.860],3.54,21.22,2.03,42.96,38
[00:02:09.961],3.52,21.14,3.08,65.09,38
[00:02:10.061],3.54,21.27,1.77,37.54,38
[00:02:10.161],3.52,21.15,2.73,57.80,38
[00:02:10.261],3.54,21.27,1.83,38.81,38
[00:02:10.361],3.52,21.15,2.85,60.19,38
[00:02:10.463],3.55,21.27,1.60,34.04,38
[00:02:10.563],3.53,21.17,2.64,55.85,38
[00:02:10.663],3.55,21.27,1.72,36.65,39
[00:02:10.763],3.53,21.16,2.84,59.97,39
[00:02:10.864],3.55,21.29,1.48,31.52,39
[00:02:10.964],3.54,21.25,2.55,53.94,39
[00:02:11.064],3.53,21.15,1.43,58.77,39
[00:02:11.165],3.54,21.24,2.73,41.95,39
[00:02:11.265],3.53,21.19,2.36,50.10,39
[00:02:11.506],3.56,21.36,0.79,16.95,39
[00:02:11.607],3.52,21.14,3.01,63.52,39
[00:02:11.707],3.55,21.30,1.33,28.42,39
[00:02:11.807],3.53,21.20,2.47,52.37,39
[00:02:11.907],3.55,21.31,1.43,30.54,39
[00:02:12.008],3.53,21.19,2.47,52.39,39
[00:02:12.108],3.55,21.31,1.31,27.95,39
[00:02:12.209],3.53,21.19,2.55,54.04,39
[00:02:12.313],3.55,21.33,1.11,23.71,39
[00:02:12.413],3.53,21.19,2.38,50.48,40
[00:02:12.514],3.55,21.31,1.32,28.15,40
[00:02:12.614],3.53,21.19,2.49,52.71,40
[00:02:12.715],3.55,21.32,1.15,24.52,40
[00:02:12.815],3.53,21.19,2.49,52.86,40
[00:02:12.916],3.55,21.30,1.40,29.76,40
[00:02:13.015],3.53,21.16,2.71,57.30,40
[00:02:13.115],3.55,21.29,1.52,32.29,40
[00:02:13.216],3.52,21.11,3.21,67.79,40
[00:02:13.316],3.55,21.27,1.62,34.37,40
[00:02:13.417],3.51,21.07,3.67,77.38,40
[00:02:13.516],3.55,21.30,1.33,28.30,40
[00:02:13.617],3.52,21.10,3.36,70.94,40
[00:02:13.717],3.54,21.27,1.55,33.06,40
[00:02:13.817],3.51,21.06,3.66,77.14,40
[00:02:13.918],3.55,21.28,1.52,32.26,40
[00:02:14.023],3.52,21.11,3.32,70.08,41
[00:02:14.124],3.54,21.25,1.71,36.23,41
[00:02:14.224],3.51,21.09,3.43,72.32,41
[00:02:14.325],3.55,21.28,1.48,31.45,41
[00:02:14.425],3.52,21.09,3.29,69.32,41
[00:02:14.525],3.54,21.27,1.73,36.79,41
[00:02:14.627],3.51,21.06,3.64,76.59,41
[00:02:14.730],3.55,21.28,1.51,32.12,41
[00:02:14.831],3.52,21.10,3.18,67.05,41
[00:02:14.931],3.55,21.27,1.58,33.50,41
[00:02:15.031],3.51,21.08,3.37,71.08,41
[00:02:15.132],3.55,21.30,1.33,28.39,41
[00:02:15.232],3.53,21.15,2.78,58.89,41
[00:02:15.332],3.54,21.22,2.09,44.24,41
[00:02:15.432],3.54,21.26,1.80,38.30,42
[00:02:15.533],3.53,21.17,2.58,54.59,42
[00:02:15.633],3.54,21.23,1.99,42.32,42
[00:02:15.734],3.54,21.26,1.69,35.85,42
[00:02:15.835],3.53,21.19,2.41,50.99,42
[00:02:15.939],3.54,21.22,2.16,45.82,42
[00:02:16.040],3.55,21.29,1.36,28.84,42
[00:02:16.144],3.53,21.18,2.40,50.80,42
[00:02:16.245],3.53,21.16,2.69,56.86,42
[00:02:16.344],3.55,21.31,1.35,28.77,42
[00:02:16.444],3.56,21.38,0.55,11.68,42
[00:02:16.545],3.55,21.31,1.29,27.38,42
[00:02:16.645],3.54,21.27,1.57,33.45,42
[00:02:16.748],3.54,21.24,2.00,42.50,42
[00:02:16.848],3.53,21.20,2.34,49.57,42
[00:02:16.949],3.55,21.27,1.54,32.75,42
[00:02:17.049],3.54,21.23,2.03,43.16,42
[00:02:17.149],3.53,21.19,2.38,50.43,42
[00:02:17.449],3.54,21.25,1.69,35.96,43
[00:02:17.549],3.53,21.21,2.27,48.23,43
[00:02:17.651],3.52,21.12,3.04,64.11,43
[00:02:17.751],3.53,21.17,2.63,55.64,43
[00:02:17.851],3.52,21.15,2.84,60.07,43
[00:02:18.051],3.53,21.17,2.56,54.08,43
[00:02:18.151],3.52,21.13,2.88,60.74,43
[00:02:18.251],3.53,21.17,2.54,53.85,43
[00:02:18.352],3.52,21.12,3.00,63.31,43
[00:02:18.452],3.53,21.18,2.37,50.23,43
[00:02:18.552],3.52,21.12,3.07,64.81,43
[00:02:18.653],3.53,21.18,2.49,52.75,44
[00:02:18.753],3.52,21.12,3.01,63.49,44
[00:02:18.853],3.54,21.22,2.13,45.22,44
[00:02:18.953],3.52,21.10,3.17,66.78,44
[00:02:19.055],3.53,21.19,2.34,49.51,44
[00:02:19.154],3.52,21.11,3.09,65.08,44
[00:02:19.254],3.54,21.23,1.88,39.95,44
[00:02:19.355],3.52,21.10,3.23,68.20,44
[00:02:19.455],3.51,21.05,3.71,78.00,44
[00:02:19.556],3.51,21.07,3.37,70.98,44
[00:02:19.758],3.51,21.04,3.59,75.49,44
[00:02:19.861],3.52,21.15,2.61,55.26,44
[00:02:19.961],3.51,21.05,3.51,73.78,45
[00:02:20.063],3.54,21.23,1.85,39.15,45
[00:02:20.163],3.52,21.10,3.18,67.10,45
[00:02:20.264],3.53,21.21,2.10,44.52,45
[00:02:20.368],3.51,21.06,3.38,71.26,45
[00:02:20.469],3.54,21.26,1.50,31.99,45
[00:02:20.569],3.52,21.13,2.80,59.17,45
[00:02:20.669],3.54,21.26,1.58,33.64,45
[00:02:20.769],3.52,21.14,2.74,57.82,45
[00:02:20.869],3.55,21.27,1.49,31.62,45
[00:02:20.971],3.53,21.18,2.33,49.39,45
[00:02:21.075],3.54,21.26,1.53,32.59,45
[00:02:21.175],3.52,21.13,2.91,61.37,45
[00:02:21.276],3.54,21.26,1.55,33.00,45
[00:02:21.376],3.52,21.14,2.75,58.22,45
[00:02:21.477],3.54,21.24,1.86,39.58,46
[00:02:21.577],3.51,21.09,3.26,68.63,46
[00:02:21.677],3.54,21.26,1.54,32.76,46
[00:02:21.777],3.52,21.10,3.24,68.36,46
[00:02:21.878],3.54,21.24,1.77,37.60,46
[00:02:21.979],3.51,21.05,3.74,78.70,46
[00:02:22.079],3.54,21.24,1.70,36.14,46
[00:02:22.179],3.51,21.08,3.31,69.67,46
[00:02:22.279],3.54,21.25,1.62,34.47,46
[00:02:22.381],3.55,21.28,1.32,28.10,46
[00:02:22.481],3.54,21.23,1.91,40.61,46
[00:02:22.582],3.52,21.10,3.04,64.09,46
[00:02:22.683],3.54,21.25,1.69,35.87,46
[00:02:22.783],3.52,21.10,3.12,65.92,46
[00:02:22.883],3.55,21.27,1.47,31.29,47
[00:02:22.983],3.52,21.13,2.93,61.87,47
[00:02:23.084],3.54,21.27,1.46,31.04,47
[00:02:23.184],3.52,21.11,2.95,62.28,47
[00:02:23.285],3.55,21.28,1.36,28.92,47
[00:02:23.385],3.52,21.14,2.66,56.28,47
[00:02:23.485],3.55,21.29,1.30,27.73,47
[00:02:23.586],3.52,21.12,2.97,62.67,47
[00:02:23.686],3.54,21.23,1.75,37.10,47
[00:02:23.787],3.51,21.08,3.30,69.46,47
[00:02:23.887],3.54,21.25,1.68,35.62,47
[00:02:23.988],3.51,21.06,3.56,74.98,47
[00:02:24.092],3.54,21.24,1.63,34.69,47
[00:02:24.192],3.52,21.10,3.21,67.77,47
[00:02:24.293],3.54,21.24,1.77,37.61,47
[00:02:24.393],3.51,21.06,3.54,74.53,48
[00:02:24.493],3.54,21.23,1.72,36.53,48
[00:02:24.593],3.51,21.07,3.34,70.43,48
[00:02:24.694],3.54,21.24,1.81,38.42,48
[00:02:24.795],3.51,21.05,3.51,73.87,48
[00:02:24.898],3.54,21.23,1.74,36.97,48
[00:02:24.998],3.51,21.07,3.45,72.52,48
[00:02:25.098],3.54,21.21,1.88,39.75,48
[00:02:25.199],3.51,21.06,3.44,72.51,48
[00:02:25.299],3.54,21.21,1.97,41.68,48
[00:02:25.399],3.51,21.09,3.26,68.77,48
[00:02:25.500],3.54,21.22,1.88,39.80,48
[00:02:25.600],3.51,21.06,3.37,71.07,48
[00:02:25.701],3.53,21.19,2.28,48.18,48
[00:02:25.801],3.51,21.08,3.14,69.06,49
[00:02:25.901],3.53,21.20,1.94,44.30,49
[00:02:26.001],3.51,21.06,3.40,71.59,49
[00:02:26.102],3.54,21.24,1.67,35.46,49
[00:02:26.203],3.51,21.08,3.39,71.35,49
[00:02:26.303],3.53,21.21,2.01,42.67,49
[00:02:26.404],3.51,21.04,3.58,75.29,49
[00:02:26.508],3.53,21.17,2.25,47.55,49
[00:02:26.609],3.51,21.07,3.14,66.16,49
[00:02:26.713],3.53,21.18,2.33,49.17,49
[00:02:26.913],3.54,21.22,1.83,38.88,49
[00:02:27.013],3.53,21.15,2.51,53.04,49
[00:02:27.115],3.54,21.23,1.74,36.95,49
[00:02:27.215],3.53,21.16,2.52,53.30,50
[00:02:27.315],3.53,21.21,1.99,42.30,50
[00:02:27.415],3.53,21.15,2.36,52.53,50
[00:02:27.515],3.55,21.29,1.16,24.66,50
[00:02:27.616],3.52,21.14,2.69,56.80,50
[00:02:27.719],3.53,21.17,2.38,50.35,50
[00:02:27.820],3.52,21.13,2.77,58.50,50
[00:02:27.920],3.54,21.25,2.35,33.25,50
[00:02:28.021],3.51,21.05,2.97,72.70,50
[00:02:28.121],3.54,21.25,1.58,33.56,50
[00:02:28.221],3.51,21.08,3.28,69.05,50
[00:02:28.322],3.54,21.24,1.63,34.58,50
[00:02:28.421],3.51,21.03,3.60,75.74,50
[00:02:28.523],3.54,21.25,1.60,33.98,50
[00:02:28.623],3.51,21.07,3.31,69.62,50
[00:02:28.724],3.54,21.23,1.76,37.29,51
[00:02:28.824],3.51,21.04,3.59,75.48,51
[00:02:28.928],3.54,21.25,1.56,33.07,51
[00:02:29.029],3.51,21.08,3.30,69.57,51
[00:02:29.129],3.54,21.26,1.42,30.13,51
[00:02:29.229],3.52,21.11,2.89,60.95,51
[00:02:29.329],3.55,21.29,1.13,23.96,51
[00:02:29.430],3.52,21.15,2.57,54.41,51
[00:02:29.530],3.54,21.24,1.61,34.08,51
[00:02:29.630],3.51,21.06,3.53,74.30,51
[00:02:29.732],3.54,21.24,1.69,35.96,51
[00:02:29.832],3.51,21.07,3.32,69.85,51
[00:02:29.932],3.54,21.24,1.61,34.13,51
[00:02:30.036],3.51,21.05,3.54,74.39,51
[00:02:30.136],3.54,21.26,1.49,31.64,51
[00:02:30.236],3.51,21.06,3.36,70.87,52
[00:02:30.340],3.54,21.27,1.41,29.93,52
[00:02:30.441],3.51,21.07,3.23,68.10,52
[00:02:30.541],3.54,21.24,1.60,33.98,52
[00:02:30.642],3.51,21.07,3.38,71.12,52
[00:02:30.742],3.54,21.22,1.80,38.12,52
[00:02:30.842],3.52,21.10,3.03,63.97,52
[00:02:30.943],3.54,21.25,1.47,31.15,52
[00:02:31.043],3.52,21.14,2.59,54.70,52
[00:02:31.144],3.54,21.23,1.70,36.17,52
[00:02:31.244],3.51,21.05,3.49,73.50,52
[00:02:31.345],3.54,21.22,1.78,37.69,52
[00:02:31.445],3.51,21.08,3.17,66.80,52
[00:02:31.545],3.54,21.27,1.33,28.31,52
[00:02:31.645],3.51,21.06,3.28,69.07,53
[00:02:31.745],3.54,21.23,1.72,36.54,53
[00:02:31.846],3.51,21.07,3.30,69.48,53
[00:02:31.946],3.54,21.23,1.71,36.18,53
[00:02:32.047],3.51,21.05,3.47,72.93,53
[00:02:32.147],3.53,21.21,1.86,39.32,53
[00:02:32.247],3.51,21.06,3.29,69.18,53
[00:02:32.348],3.54,21.21,1.80,38.07,53
[00:02:32.448],3.51,21.05,3.45,72.62,53
[00:02:32.549],3.53,21.19,1.97,41.79,53
[00:02:32.653],3.51,21.08,3.24,68.35,53
[00:02:32.754],3.54,21.22,1.80,38.12,53
[00:02:32.854],3.52,21.12,2.82,59.64,53
[00:02:32.955],3.55,21.29,0.93,19.91,53
[00:02:33.056],3.52,21.11,2.85,60.06,53
[00:02:33.156],3.54,21.25,1.41,30.03,54
[00:02:33.257],3.52,21.12,2.76,58.29,54
[00:02:33.357],3.54,21.21,1.88,39.87,54
[00:02:33.458],3.52,21.14,2.58,54.62,54
[00:02:33.558],3.54,21.24,1.47,31.26,54
[00:02:33.662],3.51,21.09,3.04,64.15,54
[00:02:33.763],3.53,21.18,2.14,45.26,54
[00:02:33.863],3.51,21.08,3.21,67.71,54
[00:02:33.964],3.54,21.22,1.78,37.76,54
[00:02:34.064],3.51,21.05,3.42,71.91,54
[00:02:34.165],3.53,21.21,1.83,38.74,54
[00:02:34.265],3.51,21.07,3.24,68.25,54
[00:02:34.365],3.54,21.23,1.74,36.83,54
[00:02:34.465],3.51,21.04,3.58,75.32,54
[00:02:34.565],3.54,21.24,1.63,34.60,54
[00:02:34.666],3.51,21.07,3.17,66.74,55
[00:02:34.766],3.54,21.22,1.78,37.85,55
[00:02:34.867],3.51,21.03,3.60,75.64,55
[00:02:34.967],3.54,21.25,1.39,29.53,55
[00:02:35.067],3.52,21.12,2.66,56.23,55
[00:02:35.167],3.55,21.27,1.18,25.16,55
[00:02:35.267],3.52,21.13,2.59,54.74,55
[00:02:35.368],3.54,21.23,1.69,35.82,55
[00:02:35.468],3.52,21.13,2.62,55.46,55
[00:02:35.572],3.54,21.24,1.49,31.74,55
[00:02:35.672],3.52,21.13,2.74,57.77,55
[00:02:35.772],3.54,21.24,1.56,33.11,55
[00:02:35.872],3.51,21.08,3.13,66.08,55
[00:02:35.972],3.54,21.23,1.64,34.85,55
[00:02:36.073],3.51,21.06,3.34,70.24,55
[00:02:36.173],3.54,21.24,1.55,32.83,56
[00:02:36.274],3.52,21.10,2.93,61.74,56
[00:02:36.374],3.53,21.15,2.31,48.81,56
[00:02:36.474],3.52,21.12,2.72,57.48,56
[00:02:36.574],3.53,21.16,2.26,47.74,56
[00:02:36.674],3.52,21.12,2.68,56.61,56
[00:02:36.776],3.52,21.11,2.94,62.03,56
[00:02:36.876],3.53,21.19,1.99,42.09,56
[00:02:36.976],3.51,21.08,3.07,64.68,56
[00:02:37.076],3.53,21.19,2.02,42.75,56
[00:02:37.176],3.51,21.05,3.36,70.75,56
[00:02:37.277],3.54,21.24,1.54,32.70,56
[00:02:37.377],3.51,21.04,3.46,72.87,56
[00:02:37.478],3.54,21.24,1.45,30.79,56
[00:02:37.578],3.51,21.06,3.29,69.35,56
[00:02:37.678],3.54,21.24,1.48,31.37,57
[00:02:37.778],3.51,21.05,3.47,73.05,57
[00:02:37.879],3.54,21.24,1.45,30.76,57
[00:02:37.979],3.51,21.08,3.09,65.18,57
[00:02:38.084],3.53,21.18,2.12,44.85,57
[00:02:38.184],3.55,21.31,0.80,17.10,57
[00:02:50.686],3.53,21.18,2.52,53.39,60
[00:02:50.787],3.51,21.04,3.84,80.74,60
[00:02:50.887],3.54,21.27,1.57,33.46,60
[00:02:50.988],3.52,21.09,3.30,69.55,60
[00:02:51.088],3.54,21.25,1.67,35.37,60
[00:02:51.189],3.51,21.05,3.68,77.47,60
[00:02:51.288],3.54,21.26,1.50,31.91,60
[00:02:51.388],3.51,21.08,3.23,68.07,60
[00:02:51.489],3.54,21.24,1.80,38.30,60
[00:02:51.589],3.52,21.10,3.60,64.08,60
[00:02:51.690],3.53,21.17,1.53,52.97,60
[00:02:51.790],3.52,21.11,3.21,67.76,60
[00:02:51.890],3.53,21.19,2.20,46.65,60
[00:02:51.990],3.51,21.09,3.16,66.63,61
[00:02:52.090],3.53,21.17,2.37,50.05,61
[00:02:52.192],3.52,21.10,3.09,65.20,61
[00:02:52.292],3.53,21.20,2.21,46.84,61
[00:02:52.393],3.52,21.10,3.19,67.23,61
[00:02:52.493],3.53,21.18,2.23,47.22,61
[00:02:52.594],3.51,21.09,3.24,68.41,61
[00:02:52.693],3.53,21.21,2.00,42.46,61
[00:02:52.794],3.51,21.07,3.33,70.22,61
[00:02:52.893],3.53,21.20,2.05,43.50,61
[00:02:52.994],3.51,21.07,3.29,69.28,61
[00:02:53.094],3.54,21.22,1.86,39.42,61
[00:02:53.197],3.53,21.18,2.11,44.67,61
[00:02:53.298],3.52,21.11,2.97,62.61,61
[00:02:53.502],3.54,21.21,1.98,42.03,62
[00:02:53.603],3.51,21.06,3.46,72.88,62
[00:02:53.703],3.53,21.21,1.96,41.48,62
[00:02:53.804],3.51,21.06,3.54,74.45,62
[00:02:53.904],3.54,21.21,1.96,41.58,62
[00:02:54.005],3.51,21.04,3.62,76.10,62
[00:02:54.105],3.53,21.20,2.01,42.60,62
[00:02:54.205],3.51,21.06,3.41,71.79,62
[00:02:54.306],3.54,21.22,1.80,38.24,62
[00:02:54.405],3.51,21.04,3.49,73.42,62
[00:02:54.506],3.52,21.14,2.63,55.55,62
[00:02:54.606],3.50,20.98,4.20,88.02,63
[00:02:54.707],3.52,21.14,2.57,54.21,63
[00:02:54.807],3.49,20.95,4.43,92.67,63
[00:02:54.907],3.54,21.21,2.05,43.38,63
[00:02:55.008],3.52,21.13,2.61,55.24,63
[00:02:55.109],3.55,21.27,1.21,25.66,63
[00:02:55.209],3.52,21.14,2.54,53.60,63
[00:02:55.309],3.55,21.28,1.19,25.40,63
[00:02:55.410],3.53,21.15,2.48,52.51,63
[00:02:55.510],3.54,21.27,1.32,28.09,63
[00:02:55.610],3.52,21.13,2.63,55.61,63
[00:02:55.710],3.54,21.25,1.40,29.65,63
[00:02:55.810],3.52,21.12,2.79,58.90,63
[00:02:55.941],3.54,21.26,1.45,30.71,63
[00:02:56.042],3.52,21.10,3.01,63.54,63
[00:02:56.142],3.52,21.12,2.79,58.85,64
[00:02:56.347],3.52,21.10,3.02,63.73,64
[00:02:56.652],3.52,21.15,2.54,53.76,64
[00:02:56.753],3.51,21.08,3.18,67.06,64
[00:02:56.853],3.52,21.11,2.74,57.89,64
[00:02:56.953],3.52,21.10,2.95,62.15,64
[00:02:57.053],3.53,21.17,2.20,46.48,64
[00:02:57.154],3.51,21.07,3.10,65.35,64
[00:02:57.254],3.53,21.16,2.36,49.98,64
[00:02:57.354],3.51,21.08,3.05,64.30,64
[00:02:57.456],3.53,21.16,2.21,46.80,65
[00:02:57.556],3.51,21.07,3.21,67.66,65
[00:02:57.656],3.53,21.15,2.33,49.32,65
[00:02:57.756],3.51,21.07,3.28,69.03,65
[00:02:57.856],3.53,21.18,2.15,45.43,65
[00:02:57.957],3.51,21.05,3.31,69.59,65
[00:02:58.057],3.53,21.20,1.92,40.70,65
[00:02:58.158],3.52,21.14,2.57,54.28,65
[00:02:58.258],3.54,21.22,1.70,35.99,65
[00:02:58.358],3.52,21.15,2.44,51.58,65
[00:02:58.458],3.54,21.23,1.62,34.40,65
[00:02:58.558],3.52,21.14,2.51,53.08,65
[00:02:58.659],3.54,21.23,1.53,32.40,65
[00:02:58.759],3.52,21.13,2.60,54.85,65
[00:02:58.962],3.51,21.06,3.21,67.68,66
[00:02:59.063],3.54,21.22,1.81,38.40,66
[00:02:59.163],3.51,21.07,3.21,67.55,66
[00:02:59.267],3.55,21.30,0.93,19.88,66
[00:02:59.571],3.55,21.32,0.70,14.84,66
[00:03:06.288],3.52,21.14,2.75,58.07,67
[00:03:06.393],3.50,21.02,3.88,81.65,67
[00:03:06.493],3.53,21.20,2.08,44.06,67
[00:03:06.593],3.52,21.10,3.14,66.34,67
[00:03:06.693],3.53,21.17,2.28,48.13,67
[00:03:06.794],3.51,21.06,3.41,71.69,68
[00:03:06.894],3.53,21.19,2.20,46.56,68
[00:03:06.995],3.52,21.12,2.84,59.95,68
[00:03:07.095],3.53,21.16,2.32,49.08,68
[00:03:07.195],3.51,21.08,3.26,68.78,68
[00:03:07.296],3.53,21.17,2.31,48.82,68
[00:03:07.401],3.52,21.12,2.81,59.41,68
[00:03:07.501],3.52,21.14,2.59,54.68,68
[00:03:07.601],3.51,21.06,3.43,72.22,68
[00:03:07.702],3.53,21.16,2.31,48.86,68
[00:03:07.802],3.52,21.13,2.67,56.36,68
[00:03:08.002],3.51,21.08,3.06,64.44,68
[00:03:08.102],3.52,21.13,2.56,54.02,68
[00:03:08.403],3.52,21.09,2.97,62.50,69
[00:03:08.607],3.52,21.13,2.57,54.29,69
[00:03:08.707],3.52,21.10,2.98,62.88,69
[00:03:08.910],3.53,21.17,2.22,46.98,69
[00:03:09.010],3.52,21.10,3.11,65.66,69
[00:03:09.215],3.52,21.14,2.60,54.90,69
[00:03:09.315],3.52,21.10,2.89,61.00,69
[00:03:09.416],3.52,21.15,2.43,51.34,69
[00:03:09.521],3.51,21.07,3.19,67.15,70
[00:03:09.621],3.52,21.13,2.52,53.28,70
[00:03:09.721],3.52,21.09,2.89,60.92,70
[00:03:09.821],3.53,21.16,2.28,48.30,70
[00:03:09.922],3.51,21.07,3.18,67.04,70
[00:03:10.022],3.53,21.16,2.33,49.15,70
[00:03:10.123],3.51,21.06,3.29,69.29,70
[00:03:10.222],3.53,21.16,2.29,48.44,70
[00:03:10.323],3.51,21.05,3.26,68.60,70
[00:03:10.423],3.53,21.16,2.13,44.94,70
[00:03:10.523],3.51,21.05,3.27,68.84,70
[00:03:10.625],3.53,21.18,2.09,44.16,70
[00:03:10.725],3.51,21.05,3.40,71.56,70
[00:03:10.825],3.53,21.17,2.01,42.48,70
[00:03:10.925],3.51,21.06,3.25,68.46,71
[00:03:11.025],3.53,21.18,1.95,41.26,71
[00:03:11.125],3.51,21.04,3.31,69.56,71
[00:03:11.225],3.53,21.19,1.97,41.70,71
[00:03:11.326],3.51,21.05,3.36,70.78,71
[00:03:11.426],3.53,21.18,1.93,40.83,71
[00:03:11.527],3.50,21.03,3.62,76.12,71
[00:03:11.629],3.52,21.13,2.63,55.66,71
[00:03:11.730],3.51,21.06,3.22,67.80,71
[00:03:11.830],3.53,21.20,1.82,38.46,71
[00:03:11.930],3.50,21.03,3.56,74.84,71
[00:03:12.030],3.53,21.20,1.76,37.33,71
[00:03:12.130],3.51,21.04,3.34,70.34,71
[00:03:12.231],3.53,21.20,1.76,37.37,72
[00:03:12.331],3.52,21.14,3.58,75.12,72
[00:03:12.433],3.53,21.20,1.74,36.84,72
[00:03:12.537],3.51,21.04,3.38,71.08,72
[00:03:12.641],3.53,21.21,1.65,34.94,72
[00:03:12.741],3.50,21.03,3.48,73.11,72
[00:03:12.841],3.54,21.22,1.64,34.71,72
[00:03:12.942],3.52,21.14,2.37,50.03,72
[00:03:13.042],3.52,21.12,2.63,55.59,72
[00:03:13.142],3.54,21.25,1.28,27.16,72
[00:03:13.242],3.53,21.15,2.21,46.76,72
[00:03:13.342],3.50,20.99,3.70,77.67,72
[00:03:13.443],3.53,21.15,2.16,45.69,72
[00:03:13.543],3.52,21.11,2.66,56.03,72
[00:03:13.748],3.54,21.23,1.58,33.44,73
[00:03:13.848],3.49,20.97,4.04,84.73,73
[00:03:13.949],3.52,21.14,2.28,48.16,73
[00:03:14.049],3.51,21.03,3.34,70.18,73
[00:03:14.150],3.52,21.15,2.24,47.45,73
[00:03:14.250],3.51,21.04,3.34,70.21,73
[00:03:14.352],3.51,21.07,2.98,62.87,73
[00:03:14.453],3.47,20.84,5.30,110.31,73
[00:03:14.557],3.51,21.06,3.18,66.87,73
[00:03:14.862],3.52,21.14,2.32,48.94,74
[00:03:14.962],3.50,21.00,3.76,78.95,74
[00:03:15.062],3.50,21.02,3.26,68.48,74
[00:03:15.162],3.51,21.06,2.92,61.58,74
[00:03:15.262],3.48,20.86,5.07,105.51,74
[00:03:15.363],3.46,20.75,6.13,127.17,74
[00:03:15.463],3.49,20.92,4.27,89.31,74
[00:03:15.563],3.44,20.65,6.90,142.40,74
[00:03:15.663],3.50,20.98,3.69,77.33,75
[00:03:15.764],3.47,20.85,5.04,105.04,75
[00:03:15.869],3.49,20.91,4.42,92.46,75
[00:03:15.969],3.48,20.86,4.93,102.86,75
[00:03:16.069],3.46,20.74,6.12,126.76,75
[00:03:16.169],3.47,20.81,5.31,110.49,75
[00:03:16.369],3.48,20.88,4.69,97.80,76
[00:03:16.470],3.44,20.67,5.11,106.38,76
[00:03:16.569],3.49,20.94,3.99,83.50,76
[00:03:16.669],3.45,20.70,6.32,130.72,76
[00:03:16.770],3.49,20.91,4.16,87.00,76
[00:03:16.870],3.44,20.66,6.46,133.45,76
[00:03:16.971],3.48,20.88,4.43,92.55,76
[00:03:17.071],3.46,20.79,5.36,111.34,77
[00:03:17.171],3.48,20.89,4.39,91.73,77
[00:03:17.377],3.47,20.83,4.17,105.32,77
[00:03:17.478],3.46,20.78,5.43,114.37,77
[00:03:17.578],3.46,20.74,6.00,124.42,77
[00:03:17.679],3.45,20.70,6.44,133.28,77
[00:03:17.783],3.47,20.80,5.27,109.60,78
[00:03:17.883],3.47,20.83,4.88,101.57,78
[00:03:17.984],3.48,20.90,3.79,79.25,78
[00:03:18.084],3.46,20.78,4.11,111.08,78
[00:03:18.185],3.48,20.90,4.61,89.60,78
[00:03:18.385],3.50,20.98,3.37,70.71,78
[00:03:18.485],3.47,20.83,4.92,102.42,78
[00:03:18.585],3.50,21.00,3.12,65.43,79
[00:03:18.685],3.45,20.72,5.98,123.93,79
[00:03:18.785],3.49,20.93,3.93,82.14,79
[00:03:18.886],3.44,20.63,6.86,141.55,79
[00:03:18.986],3.48,20.90,4.27,89.25,79
[00:03:19.086],3.47,20.80,5.22,108.42,79
[00:03:19.186],3.49,20.95,3.76,78.79,79
[00:03:19.287],3.47,20.83,4.88,101.57,80
[00:03:19.486],3.47,20.84,4.66,97.02,80
[00:03:19.587],3.44,20.65,6.68,137.95,80
[00:03:19.687],3.46,20.73,5.73,118.82,80
[00:03:19.788],3.48,20.90,4.07,84.98,80
[00:03:19.887],3.48,20.87,4.46,93.16,80
[00:03:19.988],3.50,20.98,3.36,70.55,80
[00:03:20.291],3.50,20.99,3.14,65.92,81
[00:03:20.491],3.50,21.02,2.86,60.20,81
[00:03:20.591],3.50,21.02,3.13,65.79,81
[00:03:20.691],3.50,20.99,3.39,71.09,81
[00:03:20.791],3.50,21.00,3.10,65.01,81
[00:03:20.891],3.51,21.07,2.38,50.12,81
[00:03:20.991],3.50,21.02,3.03,63.79,81
[00:03:21.091],3.49,20.94,3.85,80.59,81
[00:03:21.193],3.48,20.89,4.27,89.26,82
[00:03:21.296],3.52,21.11,2.17,45.75,82
[00:03:21.397],3.49,20.96,3.57,74.88,82
[00:03:21.497],3.52,21.13,1.94,41.08,82
[00:03:21.597],3.49,20.92,3.89,81.44,82
[00:03:21.698],3.52,21.14,1.91,40.44,82
[00:03:21.798],3.52,21.09,2.28,48.19,82
[00:03:21.998],3.52,21.13,1.98,41.84,82
[00:03:22.098],3.54,21.22,1.08,22.91,82
[00:03:22.198],3.54,21.25,0.81,17.30,82
[00:03:22.809],3.54,21.21,1.17,24.90,82
[00:03:23.113],3.53,21.21,1.39,29.49,82
[00:03:23.317],3.52,21.15,1.96,41.34,83
[00:03:23.421],3.51,21.08,2.66,56.05,83
[00:03:23.525],3.50,21.02,3.08,64.64,83
[00:03:23.625],3.50,20.97,3.59,75.22,83
[00:03:23.825],3.48,20.86,4.73,98.60,83
[00:03:23.929],3.50,20.97,3.59,75.23,83
[00:03:24.029],3.48,20.88,4.49,93.76,83
[00:03:24.130],3.50,21.01,3.02,63.52,83
[00:03:24.230],3.47,20.80,5.28,109.78,84
[00:03:24.331],3.48,20.88,4.37,91.21,84
[00:03:24.535],3.50,20.98,3.49,73.26,84
[00:03:24.639],3.47,20.83,4.80,100.07,84
[00:03:24.739],3.49,20.92,3.96,82.89,84
[00:03:24.839],3.48,20.89,4.27,89.16,84
[00:03:24.939],3.49,20.96,3.53,74.04,84
[00:03:25.039],3.47,20.81,5.13,106.70,84
[00:03:25.139],3.49,20.93,3.74,78.38,85
[00:03:25.239],3.48,20.86,4.46,93.10,85
[00:03:25.339],3.49,20.96,3.52,73.68,85
[00:03:25.443],3.47,20.85,4.64,96.63,85
[00:03:25.543],3.49,20.97,3.48,73.02,85
[00:03:25.643],3.47,20.81,4.91,102.22,85
[00:03:25.743],3.49,20.95,3.61,75.50,85
[00:03:25.843],3.48,20.86,4.45,92.86,85
[00:03:25.943],3.50,20.99,3.27,68.71,86
[00:03:26.043],3.46,20.77,5.45,113.27,86
[00:03:26.147],3.50,21.02,2.92,61.45,86
[00:03:26.247],3.47,20.80,5.14,106.93,86
[00:03:26.351],3.48,20.86,4.42,92.21,86
[00:03:26.451],3.48,20.88,4.19,87.42,86
[00:03:26.759],3.48,20.91,3.92,81.86,86
[00:03:26.863],3.48,20.90,4.18,87.29,87
[00:03:26.963],3.48,20.89,3.96,82.73,87
[00:03:27.894],3.49,20.96,3.46,72.42,88
[00:03:27.993],3.50,20.99,3.08,64.62,88
[00:03:28.400],3.50,20.98,3.29,69.09,88
[00:03:29.422],3.49,20.94,3.57,74.85,89
[00:03:29.929],3.49,20.96,3.36,70.34,90
[00:03:30.030],3.50,21.02,2.77,58.19,90
[00:03:30.237],3.51,21.05,2.42,50.96,90
[00:03:30.542],3.52,21.10,2.01,42.45,90
[00:03:30.745],3.52,21.12,1.76,37.22,90
[00:03:30.845],3.52,21.11,2.00,42.17,90
[00:03:30.949],3.52,21.14,1.60,33.90,90
[00:03:31.253],3.53,21.17,1.37,28.92,90
[00:03:32.369],3.53,21.20,1.16,24.56,91
[00:03:32.470],3.54,21.23,0.90,19.04,91
[00:03:32.677],3.54,21.22,1.13,23.94,91
[00:03:33.085],3.54,21.24,0.88,18.74,91
[00:03:36.028],3.55,21.28,0.67,14.16,92
[00:03:40.100],3.54,21.24,1.18,25.06,92
[00:03:40.201],3.53,21.17,1.86,39.41,92
[00:03:40.405],3.53,21.19,1.65,35.06,93
[00:03:40.712],3.51,21.08,2.81,59.27,93
[00:03:40.812],3.52,21.12,2.32,49.07,93
[00:03:40.912],3.52,21.14,2.11,44.68,93
[00:03:41.216],3.50,20.97,3.78,79.19,93
[00:03:41.315],3.52,21.11,2.36,49.73,93
[00:03:41.415],3.51,21.08,2.64,55.56,93
[00:03:41.518],3.52,21.14,2.00,42.34,93
[00:03:41.619],3.53,21.18,1.72,36.39,93
[00:03:41.722],3.52,21.14,2.04,43.07,93
[00:03:41.926],3.51,21.06,2.79,58.73,94
[00:03:42.030],3.50,21.00,3.48,73.11,94
[00:03:42.130],3.51,21.08,2.52,53.08,94
[00:03:42.433],3.50,21.02,3.18,66.72,94
[00:03:42.537],3.49,20.97,3.72,77.91,94
[00:03:42.638],3.51,21.08,2.61,55.01,94
[00:03:42.845],3.51,21.03,3.02,63.57,94
[00:03:42.946],3.51,21.07,2.61,55.01,94
[00:03:43.150],3.49,20.95,3.81,79.79,95
[00:03:43.254],3.51,21.04,2.98,62.75,95
[00:03:43.358],3.50,20.98,3.33,69.90,95
[00:03:43.458],3.51,21.03,2.95,62.06,95
[00:03:43.762],3.49,20.93,3.87,80.82,95
[00:03:43.862],3.50,20.99,3.44,72.23,95
[00:03:44.170],3.49,20.93,3.97,82.98,96
[00:03:44.274],3.51,21.07,2.53,53.38,96
[00:03:44.374],3.47,20.79,5.35,111.23,96
[00:03:44.474],3.49,20.95,3.68,77.13,96
[00:03:44.578],3.47,20.83,4.70,97.98,96
[00:03:44.678],3.50,21.00,3.16,66.41,96
[00:03:44.878],3.48,20.90,4.22,88.21,96
[00:03:44.982],3.49,20.93,3.69,77.20,96
[00:03:45.086],3.50,20.99,3.26,68.50,96
[00:03:45.190],3.51,21.08,2.19,46.25,97
[00:03:45.803],3.51,21.05,2.69,56.66,97
[00:03:46.107],3.51,21.06,2.45,51.58,97
[00:03:46.311],3.51,21.06,2.67,56.14,97
[00:03:46.615],3.51,21.07,2.38,50.21,98
[00:03:46.822],3.51,21.05,2.65,55.76,98
[00:03:46.922],3.51,21.09,2.36,49.70,98
[00:03:47.532],3.52,21.10,2.14,45.12,98
[00:03:48.343],3.52,21.12,1.91,40.30,99
[00:03:48.447],3.52,21.09,2.30,48.41,99
[00:03:48.551],3.52,21.15,1.75,37.06,99
[00:03:48.651],3.52,21.13,1.96,41.34,99
[00:03:48.751],3.54,21.22,1.13,23.98,99
[00:03:48.851],3.52,21.14,1.78,37.52,99
[00:03:49.254],3.53,21.19,1.16,24.68,99
[00:03:49.354],3.52,21.11,2.18,45.85,99
[00:03:49.662],3.53,21.16,1.69,35.68,99
[00:03:49.766],3.54,21.22,1.12,23.83,99
[00:03:50.276],3.53,21.15,1.75,36.94,100
[00:03:50.480],3.54,21.26,0.74,15.82,100
[00:03:50.581],3.53,21.19,1.39,29.46,100
[00:03:50.788],3.54,21.24,0.85,18.15,100
[00:03:50.992],3.53,21.21,1.26,26.75,100
[00:03:51.197],3.53,21.19,1.51,32.05,100
[00:03:51.301],3.54,21.21,1.13,23.99,100
[00:03:51.402],3.53,21.18,1.53,32.48,100
[00:03:51.503],3.54,21.25,0.83,17.53,100
[00:03:51.604],3.53,21.20,1.32,27.91,100
[00:03:51.708],3.54,21.25,0.90,19.19,100
[00:03:51.912],3.52,21.13,2.06,43.49,100
[00:03:52.115],3.50,21.02,3.27,68.81,100
[00:03:52.215],3.49,20.95,3.85,80.75,100
[00:03:52.319],3.51,21.08,2.45,51.74,100
[00:03:52.419],3.47,20.82,4.98,103.68,101
[00:03:52.519],3.50,20.98,3.31,69.49,101
[00:03:52.723],3.49,20.96,3.62,75.92,101
[00:03:52.823],3.50,20.99,3.30,69.15,101
[00:03:53.127],3.46,20.74,5.75,119.24,101
[00:03:53.231],3.50,21.02,2.80,58.76,101
[00:03:53.331],3.46,20.78,5.27,109.54,101
[00:03:53.431],3.51,21.06,2.57,54.18,102
[00:03:53.535],3.47,20.82,4.84,100.81,102
[00:03:53.635],3.50,20.98,3.32,69.71,102
[00:03:53.735],3.46,20.76,5.51,114.34,102
[00:03:53.835],3.50,21.00,3.00,62.91,102
[00:03:53.939],3.47,20.84,4.63,96.39,102
[00:03:54.040],3.50,21.01,2.87,60.27,102
[00:03:54.144],3.47,20.82,4.74,98.68,102
[00:03:54.244],3.50,20.98,3.19,66.80,102
[00:03:54.344],3.47,20.81,4.96,103.12,103
[00:03:54.444],3.51,21.04,2.61,54.96,103
[00:03:54.567],3.50,21.00,3.12,65.53,103
[00:03:54.668],3.46,20.78,5.14,106.69,103
[00:03:54.872],3.50,20.99,3.26,68.43,103
[00:03:54.972],3.47,20.82,4.75,98.86,103
[00:03:55.076],3.50,21.02,3.86,58.23,103
[00:03:55.176],3.46,20.76,5.42,112.58,103
[00:03:55.276],3.49,20.92,3.81,79.66,104
[00:03:55.376],3.47,20.80,4.89,101.61,104
[00:03:55.476],3.49,20.96,3.42,71.69,104
[00:03:55.576],3.47,20.81,4.77,99.33,104
[00:03:55.676],3.49,20.96,3.35,70.20,104
[00:03:55.780],3.48,20.91,3.76,78.59,104
[00:03:55.880],3.50,20.99,3.00,63.04,104
[00:03:55.980],3.49,20.93,3.70,77.45,104
[00:03:56.080],3.50,21.02,2.67,56.11,104
[00:03:56.184],3.49,20.94,3.55,74.30,104
[00:03:56.288],3.50,20.99,2.98,62.58,105
[00:03:56.388],3.51,21.04,2.35,53.57,105
[00:03:56.488],3.52,21.10,1.99,41.95,105
[00:03:56.588],3.52,21.14,1.65,34.78,105
[00:03:56.688],3.52,21.13,1.87,39.41,105
[00:03:56.991],3.52,21.13,1.62,34.15,105
[00:03:57.904],3.51,21.05,2.56,53.89,105
[00:03:58.004],3.52,21.13,1.72,36.44,105
[00:03:58.104],3.53,21.17,0.99,29.77,105
[00:03:58.407],3.53,21.20,1.35,23.40,106
[00:03:58.507],3.52,21.10,2.06,43.45,106
[00:03:58.607],3.53,21.20,1.19,25.31,106
[00:03:58.707],3.52,21.15,1.64,34.72,106
[00:03:58.807],3.53,21.19,1.23,26.04,106
[00:03:58.911],3.54,21.23,0.87,18.40,106
[00:03:59.115],3.53,21.19,1.21,25.65,106
[00:03:59.215],3.52,21.13,1.88,39.63,106
[00:03:59.315],3.53,21.19,1.18,27.26,106
[00:03:59.415],3.54,21.23,0.90,19.02,106
[00:03:59.619],3.54,21.23,1.17,24.74,106
[00:03:59.823],3.52,21.09,2.20,46.43,106
[00:03:59.923],3.53,21.21,1.07,22.69,106
[00:04:00.027],3.54,21.23,0.83,17.59,106
[00:04:01.356],3.54,21.22,1.09,23.06,106
[00:04:01.457],3.52,21.15,1.77,37.51,106
[00:04:01.557],3.52,21.11,2.10,44.39,107
[00:04:01.757],3.53,21.17,1.61,34.08,107
[00:04:01.857],3.54,21.23,0.98,20.81,107
[00:04:01.957],3.53,21.19,1.33,28.27,107
[00:04:02.361],3.52,21.13,1.94,41.07,107
[00:04:02.461],3.53,21.16,1.61,34.10,107
[00:04:02.561],3.54,21.22,1.08,22.87,107
[00:04:02.662],3.53,21.19,1.34,28.33,107
[00:04:02.862],3.54,21.21,1.09,23.11,107
[00:04:03.062],3.53,21.16,1.63,34.39,107
[00:04:03.367],3.54,21.23,0.89,18.99,107
[00:04:03.467],3.53,21.16,1.62,34.29,107
[00:04:03.567],3.53,21.20,1.26,26.70,107
[00:04:03.667],3.54,21.22,0.97,20.56,107
[00:04:03.868],3.53,21.16,1.64,34.77,107
[00:04:04.168],3.54,21.21,1.10,23.41,108
[00:04:04.268],3.52,21.13,1.93,40.81,108
[00:04:04.368],3.53,21.21,1.20,25.35,108
[00:04:04.569],3.53,21.17,1.57,33.28,108
[00:04:04.673],3.52,21.14,1.89,39.86,108
[00:04:04.774],3.53,21.18,1.42,30.15,108
[00:04:04.975],3.52,21.15,1.82,38.53,108
[00:04:05.075],3.54,21.22,1.08,22.83,108
[00:04:05.175],3.53,21.18,1.44,30.41,108
[00:04:05.275],3.52,21.13,1.98,41.77,108
[00:04:05.375],3.53,21.17,1.56,33.01,108
[00:04:05.476],3.54,21.22,1.04,22.11,108
[00:04:05.576],3.52,21.15,1.85,39.12,108
[00:04:05.677],3.54,21.22,1.11,23.61,108
[00:04:05.881],3.52,21.13,1.97,41.72,108
[00:04:06.081],3.54,21.22,1.08,22.89,108
[00:04:06.181],3.53,21.17,1.52,32.11,108
[00:04:06.281],3.53,21.19,1.32,27.89,108
[00:04:06.487],3.53,21.17,1.59,33.66,109
[00:04:06.587],3.54,21.24,0.92,19.64,109
[00:04:06.688],3.52,21.12,2.08,44.01,109
[00:04:06.788],3.54,21.22,1.04,22.15,109
[00:04:06.888],3.52,21.14,1.88,39.64,109
[00:04:06.988],3.53,21.18,1.51,31.92,109
[00:04:07.089],3.55,21.28,0.49,10.39,109
[00:04:08.313],3.54,21.24,0.89,18.84,109
[00:04:08.924],3.55,21.28,0.61,13.06,109
[00:04:09.533],3.55,21.31,0.35,7.43,109
[00:04:09.739],3.53,21.19,1.49,31.55,109
[00:04:09.839],3.52,21.12,2.17,45.88,109
[00:04:09.939],3.51,21.06,2.79,58.68,109
[00:04:10.040],3.52,21.14,1.99,42.04,109
[00:04:10.140],3.53,21.17,1.71,36.10,109
[00:04:10.240],3.51,21.07,2.62,55.23,110
[00:04:10.341],3.52,21.13,1.95,41.10,110
[00:04:10.441],3.53,21.19,1.46,30.85,110
[00:04:10.541],3.51,21.06,2.70,56.76,110
[00:04:10.742],3.53,21.16,1.77,37.44,110
[00:04:10.842],3.50,21.03,2.93,61.57,110
[00:04:10.942],3.52,21.12,2.10,44.36,110
[00:04:11.043],3.53,21.18,1.49,31.47,110
[00:04:11.143],3.51,21.05,2.87,60.36,110
[00:04:11.244],3.51,21.07,2.62,55.15,110
[00:04:11.548],3.51,21.08,2.36,49.84,110
[00:04:11.901],3.51,21.06,2.66,55.87,111
[00:04:12.001],3.50,21.02,3.00,62.94,111
[00:04:12.101],3.53,21.16,1.55,32.88,111
[00:04:12.203],3.51,21.03,2.77,58.15,111
[00:04:12.303],3.53,21.17,1.56,32.93,111
[00:04:12.403],3.51,21.03,2.93,61.57,111
[00:04:12.503],3.53,21.19,1.26,26.72,111
[00:04:12.603],3.51,21.06,2.61,54.91,111
[00:04:12.803],3.53,21.21,1.08,22.80,111
[00:04:12.903],3.52,21.15,1.80,37.97,111
[00:04:13.003],3.50,21.00,3.16,66.25,111
[00:04:13.104],3.52,21.14,1.64,34.58,111
[00:04:13.204],3.49,20.95,3.70,77.57,111
[00:04:13.305],3.52,21.13,1.85,39.17,112
[00:04:13.405],3.49,20.97,3.48,72.99,112
[00:04:13.505],3.52,21.14,1.72,36.32,112
[00:04:13.605],3.49,20.91,3.91,81.80,112
[00:04:13.705],3.52,21.13,1.85,39.06,112
[00:04:13.807],3.50,20.98,3.29,68.96,112
[00:04:13.907],3.52,21.13,1.79,37.74,112
[00:04:14.008],3.49,20.94,3.78,79.04,112
[00:04:14.108],3.52,21.12,1.94,41.00,112
[00:04:14.208],3.50,20.98,3.26,68.49,112
[00:04:14.308],3.52,21.10,2.04,43.12,112
[00:04:14.408],3.49,20.93,3.73,78.12,112
[00:04:14.509],3.51,21.08,2.26,47.56,112
[00:04:14.609],3.50,21.02,2.77,58.29,113
[00:04:14.709],3.52,21.14,1.74,36.68,113
[00:04:14.809],3.50,21.00,3.13,65.77,113
[00:04:14.910],3.52,21.15,1.86,32.82,113
[00:04:15.011],3.51,21.06,2.82,59.19,113
[00:04:15.111],3.52,21.13,1.94,41.00,113
[00:04:15.212],3.50,21.02,2.93,61.58,113
[00:04:15.315],3.52,21.11,1.96,41.27,113
[00:04:15.416],3.50,20.99,3.36,70.42,113
[00:04:15.516],3.52,21.12,1.97,41.43,113
[00:04:15.616],3.49,20.95,3.42,75.36,113
[00:04:15.717],3.52,21.11,2.24,41.46,113
[00:04:15.821],3.50,21.01,2.95,61.98,113
[00:04:15.922],3.51,21.09,2.26,47.66,113
[00:04:16.022],3.50,20.99,3.18,66.64,114
[00:04:16.122],3.51,21.08,2.26,47.63,114
[00:04:16.223],3.50,21.00,3.09,64.96,114
[00:04:16.323],3.52,21.11,2.40,50.54,114
[00:04:16.424],3.49,20.92,3.12,78.68,114
[00:04:16.524],3.52,21.15,1.53,32.41,114
[00:04:16.624],3.50,20.97,3.42,71.70,114
[00:04:16.724],3.52,21.15,1.61,34.08,114
[00:04:16.825],3.51,21.05,2.59,54.55,114
[00:04:16.925],3.52,21.13,1.71,36.14,114
[00:04:17.028],3.54,21.23,0.73,15.58,114
[00:04:20.579],3.52,21.13,1.92,40.61,115
[00:04:20.679],3.51,21.05,2.79,58.73,115
[00:04:20.780],3.52,21.12,2.01,42.38,115
[00:04:20.880],3.50,20.98,3.38,70.96,115
[00:04:20.980],3.52,21.15,1.77,37.37,115
[00:04:21.080],3.50,20.97,3.36,70.47,115
[00:04:21.180],3.52,21.14,1.78,37.62,115
[00:04:21.281],3.49,20.94,3.67,76.87,115
[00:04:21.381],3.53,21.16,1.51,31.91,115
[00:04:21.482],3.50,20.97,3.49,73.26,116
[00:04:21.582],3.52,21.14,1.80,38.01,116
[00:04:21.683],3.49,20.95,3.74,78.40,116
[00:04:21.783],3.53,21.17,1.45,30.66,116
[00:04:21.883],3.50,20.97,3.49,73.25,116
[00:04:21.984],3.52,21.14,1.65,34.93,116
[00:04:22.084],3.49,20.94,3.79,79.30,116
[00:04:22.185],3.53,21.16,1.57,33.17,116
[00:04:22.285],3.50,20.98,3.28,68.75,116
[00:04:22.385],3.52,21.14,1.74,36.72,116
[00:04:22.485],3.49,20.93,3.85,80.56,116
[00:04:22.586],3.53,21.16,1.56,33.05,116
[00:04:22.690],3.49,20.96,3.51,73.63,116
[00:04:22.789],3.52,21.14,1.73,36.55,116
[00:04:22.891],3.49,20.94,3.71,77.61,117
[00:04:22.993],3.52,21.10,1.92,40.51,117
[00:04:23.095],3.50,20.99,3.20,67.12,117
[00:04:23.195],3.52,21.12,1.78,37.63,117
[00:04:23.295],3.49,20.94,3.72,77.83,117
[00:04:23.396],3.52,21.15,1.52,32.17,117
[00:04:23.496],3.50,20.97,3.36,70.45,117
[00:04:23.596],3.52,21.13,1.69,35.71,117
[00:04:23.696],3.49,20.93,3.67,76.71,117
[00:04:23.797],3.52,21.12,1.76,37.09,117
[00:04:23.897],3.50,20.97,3.30,69.17,117
[00:04:23.997],3.53,21.19,1.13,24.00,117
[00:04:24.302],3.52,21.15,1.62,34.30,117
[00:04:24.402],3.52,21.09,2.11,44.53,118
[00:04:24.603],3.51,21.06,2.42,51.06,118
[00:04:24.707],3.53,21.20,1.08,22.81,118
[00:04:24.911],3.54,21.24,0.72,15.32,118
[00:04:31.644],3.54,21.21,1.20,25.43,119
[00:04:31.744],3.52,21.13,2.08,43.83,119
[00:04:31.845],3.51,21.04,2.94,61.89,119
[00:04:31.945],3.51,21.06,2.72,57.22,119
[00:04:32.046],3.54,21.21,1.12,23.79,119
[00:04:32.146],3.52,21.10,2.33,49.03,119
[00:04:32.246],3.50,21.03,2.99,62.79,119
[00:04:32.346],3.53,21.15,1.74,36.84,119
[00:04:32.547],3.51,21.06,2.71,57.03,120
[00:04:32.757],3.52,21.13,1.84,38.83,120
[00:04:32.960],3.50,21.02,2.98,62.66,120
[00:04:33.161],3.53,21.19,1.28,27.11,120
[00:04:33.261],3.51,21.07,2.57,54.08,120
[00:04:33.361],3.50,21.02,2.95,62.11,120
[00:04:33.462],3.52,21.10,2.14,45.18,120
[00:04:33.562],3.52,21.14,1.86,39.42,120
[00:04:33.662],3.51,21.04,2.81,59.21,120
[00:04:33.764],3.52,21.09,2.27,47.77,120
[00:04:33.868],3.53,21.18,1.45,30.75,120
[00:04:33.969],3.52,21.10,2.06,43.52,120
[00:04:34.069],3.51,21.03,2.92,61.50,121
[00:04:34.169],3.52,21.13,1.83,38.69,121
[00:04:34.269],3.53,21.20,1.18,25.06,121
[00:04:34.369],3.51,21.03,2.88,60.51,121
[00:04:34.470],3.50,20.99,3.23,67.70,121
[00:04:34.570],3.53,21.17,1.57,33.19,121
[00:04:34.776],3.51,21.06,2.54,53.51,121
[00:04:34.876],3.51,21.08,2.34,49.26,121
[00:04:34.976],3.53,21.19,1.28,27.02,121
[00:04:35.076],3.51,21.06,2.48,52.19,121
[00:04:35.177],3.50,21.01,2.95,62.08,121
[00:04:35.277],3.51,21.04,2.57,54.01,121
[00:04:35.378],3.53,21.18,1.37,29.08,121
[00:04:35.478],3.51,21.07,2.40,50.46,121
[00:04:35.580],3.52,21.10,1.98,41.83,121
[00:04:35.681],3.53,21.16,1.57,33.20,121
[00:04:35.781],3.52,21.12,1.81,38.19,122
[00:04:35.882],3.50,21.03,2.82,59.24,122
[00:04:36.082],3.52,21.14,1.73,36.50,122
[00:04:36.182],3.52,21.12,1.97,41.56,122
[00:04:36.388],3.53,21.17,1.39,29.33,122
[00:04:36.588],3.51,21.04,2.61,54.81,122
[00:04:36.688],3.51,21.03,2.84,59.79,122
[00:04:36.789],3.52,21.12,1.88,39.68,122
[00:04:36.893],3.53,21.16,1.54,32.65,122
[00:04:37.193],3.53,21.20,1.15,24.47,122
[00:04:37.293],3.52,21.09,2.21,46.68,122
[00:04:37.393],3.51,21.07,2.45,51.56,122
[00:04:37.494],3.52,21.11,1.93,40.79,122
[00:04:37.594],3.53,21.20,1.06,22.55,123
[00:04:37.694],3.52,21.13,1.88,39.70,123
[00:04:37.900],3.53,21.20,1.17,24.83,123
[00:04:38.000],3.53,21.15,1.64,34.58,123
[00:04:38.100],3.51,21.06,2.47,52.07,123
[00:04:38.200],3.52,21.12,2.00,42.18,123
[00:04:38.300],3.53,21.20,1.14,24.13,123
[00:04:38.400],3.52,21.14,1.74,36.67,123
[00:04:38.501],3.53,21.18,1.35,28.57,123
[00:04:38.701],3.54,21.21,1.01,21.45,123
[00:04:38.803],3.53,21.20,1.23,26.06,123
[00:04:38.904],3.51,21.08,2.42,51.09,123
[00:04:39.004],3.53,21.17,1.37,29.09,123
[00:04:39.104],3.52,21.15,1.60,33.81,123
[00:04:39.305],3.53,21.20,1.24,26.31,123
[00:04:39.405],3.54,21.21,1.01,21.46,123
[00:04:39.505],3.52,21.12,1.94,41.05,123
[00:04:39.706],3.52,21.14,1.69,35.77,123
[00:04:39.906],3.53,21.18,1.36,28.86,124
[00:04:40.106],3.51,21.05,2.57,54.07,124
[00:04:40.206],3.53,21.16,1.51,31.96,124
[00:04:40.308],3.51,21.09,2.25,47.47,124
[00:04:40.408],3.53,21.19,1.18,24.92,124
[00:04:40.508],3.52,21.13,1.87,39.49,124
[00:04:40.609],3.51,21.09,2.18,46.01,124
[00:04:40.709],3.53,21.17,1.36,28.74,124
[00:04:40.809],3.51,21.09,2.25,47.33,124
[00:04:40.909],3.53,21.17,1.45,30.71,124
[00:04:41.010],3.52,21.12,1.90,40.13,124
[00:04:41.110],3.51,21.06,2.50,52.54,124
[00:04:41.211],3.53,21.16,1.48,31.24,124
[00:04:41.312],3.51,21.08,2.29,48.27,124
[00:04:41.412],3.53,21.16,1.47,31.02,124
[00:04:41.612],3.51,21.08,2.33,49.18,124
[00:04:41.713],3.53,21.18,1.26,26.75,124
[00:04:41.920],3.53,21.16,1.54,32.66,125
[00:04:42.125],3.51,21.07,2.35,49.57,125
[00:04:42.226],3.53,21.17,1.32,27.85,125
[00:04:42.330],3.51,21.08,2.28,48.04,125
[00:04:42.430],3.53,21.18,1.27,26.86,125
[00:04:42.630],3.51,21.06,2.52,53.12,125
[00:04:42.731],3.53,21.16,1.64,34.78,125
[00:04:42.831],3.51,21.07,2.25,47.43,125
[00:04:42.932],3.53,21.18,1.32,28.01,125
[00:04:43.132],3.51,21.05,2.52,53.11,125
[00:04:43.232],3.53,21.16,1.46,30.90,125
[00:04:43.332],3.51,21.07,2.44,51.35,125
[00:04:43.433],3.53,21.18,1.28,27.18,125
[00:04:43.633],3.51,21.06,2.47,51.95,125
[00:04:43.733],3.53,21.16,1.45,30.74,125
[00:04:43.834],3.51,21.06,2.39,50.27,126
[00:04:43.938],3.53,21.18,1.28,27.15,126
[00:04:44.138],3.51,21.05,2.54,53.43,126
[00:04:44.238],3.53,21.16,1.52,32.11,126
[00:04:44.340],3.52,21.10,2.12,44.68,126
[00:04:44.440],3.53,21.19,1.14,24.05,126
[00:04:44.640],3.51,21.06,2.48,52.14,126
[00:04:44.740],3.52,21.14,1.63,34.44,126
[00:04:44.840],3.53,21.16,1.40,29.60,126
[00:04:44.940],3.51,21.07,2.27,47.91,126
[00:04:45.063],3.53,21.15,1.62,34.27,126
[00:04:45.164],3.48,20.89,4.32,90.00,126
[00:04:45.264],3.51,21.07,2.33,48.97,126
[00:04:45.465],3.50,20.98,3.20,67.07,126
[00:04:45.569],3.51,21.07,2.34,49.28,126
[00:04:45.774],3.49,20.96,3.31,69.40,127
[00:04:45.874],3.52,21.09,2.03,42.75,127
[00:04:45.974],3.50,21.03,2.74,57.53,127
[00:04:46.175],3.52,21.14,1.50,31.77,127
[00:04:46.275],3.50,20.98,3.15,66.10,127
[00:04:46.376],3.51,21.04,2.62,55.13,127
[00:04:46.476],3.51,21.09,2.06,43.40,127
[00:04:46.577],3.50,20.98,3.13,65.74,127
[00:04:46.677],3.51,21.05,2.44,51.41,127
[00:04:46.778],3.52,21.13,1.46,30.82,127
[00:04:46.986],3.52,21.14,1.67,35.28,127
[00:04:47.291],3.51,21.08,2.02,42.57,128
[00:04:47.391],3.51,21.04,2.56,53.79,128
[00:04:47.592],3.49,20.96,3.36,70.37,128
[00:04:47.692],3.51,21.04,2.48,52.23,128
[00:04:47.793],3.50,21.01,2.81,58.93,128
[00:04:47.893],3.52,21.09,1.85,39.10,128
[00:04:47.993],3.49,20.97,3.20,67.02,128
[00:04:48.093],3.52,21.13,1.60,33.88,128
[00:04:48.193],3.50,21.03,2.69,56.58,128
[00:04:48.295],3.52,21.13,1.56,32.87,128
[00:04:48.395],3.50,20.98,3.01,63.07,128
[00:04:48.496],3.51,21.06,2.29,48.29,128
[00:04:48.596],3.50,20.99,3.01,63.03,129
[00:04:48.797],3.51,21.05,2.42,50.80,129
[00:04:48.897],3.48,20.89,3.95,82.58,129
[00:04:48.997],3.52,21.12,1.69,35.57,129
[00:04:49.097],3.49,20.92,3.62,75.75,129
[00:04:49.198],3.52,21.09,2.00,42.21,129
[00:04:49.298],3.49,20.95,3.32,69.48,129
[00:04:49.399],3.51,21.07,2.11,44.37,129
[00:04:49.499],3.50,21.01,2.78,58.39,129
[00:04:49.599],3.49,20.95,3.38,70.89,129
[00:04:49.700],3.51,21.09,1.93,40.69,129
[00:04:49.800],3.49,20.94,3.49,72.99,129
[00:04:49.901],3.52,21.13,1.54,32.48,129
[00:04:50.001],3.50,20.99,2.92,61.27,130
[00:04:50.102],3.50,20.97,3.21,67.42,130
[00:04:50.202],3.52,21.12,1.73,36.44,130
[00:04:50.302],3.51,21.07,2.18,45.97,130
[00:04:50.502],3.52,21.14,1.48,31.26,130
[00:04:50.603],3.50,21.03,2.63,55.25,130
[00:04:50.804],3.52,21.10,1.91,40.26,130
[00:04:51.108],3.52,21.14,1.41,29.81,130
[00:04:51.208],3.52,21.11,1.87,39.42,130
[00:04:51.309],3.51,21.07,2.23,46.89,130
[00:04:51.509],3.52,21.14,1.36,28.78,130
[00:04:51.609],3.51,21.08,2.15,45.28,130
[00:04:51.709],3.52,21.13,1.60,33.87,131
[00:04:51.809],3.53,21.18,1.18,24.98,131
[00:04:51.909],3.50,21.01,2.70,56.72,131
[00:04:52.010],3.51,21.08,2.00,42.24,131
[00:04:52.110],3.53,21.18,1.10,23.22,131
[00:04:52.211],3.52,21.10,1.92,40.58,131
[00:04:52.411],3.53,21.19,1.01,21.48,131
[00:04:52.511],3.51,21.05,2.34,49.29,131
[00:04:52.712],3.51,21.09,1.93,40.59,131
[00:04:52.816],3.53,21.19,1.07,22.64,131
[00:04:52.917],3.51,21.09,1.97,41.57,131
[00:04:53.121],3.53,21.17,1.32,27.97,131
[00:04:53.221],3.52,21.11,1.79,37.74,131
[00:04:53.321],3.51,21.07,2.26,47.69,131
[00:04:53.421],3.52,21.11,1.77,37.32,131
[00:04:53.726],3.53,21.17,1.13,23.90,132
[00:04:53.926],3.51,21.03,2.47,51.85,132
[00:04:54.026],3.52,21.11,1.81,38.30,132
[00:04:54.127],3.53,21.20,0.86,18.23,132
[00:04:54.226],3.52,21.11,1.90,40.00,132
[00:04:54.328],3.53,21.16,1.23,26.02,132
[00:04:54.428],3.53,21.19,1.01,21.44,132
[00:04:54.633],3.51,21.07,2.18,45.86,132
[00:04:54.733],3.52,21.15,1.35,28.57,132
[00:04:54.833],3.51,21.08,2.07,43.58,132
[00:04:55.034],3.53,21.15,1.48,31.30,132
[00:04:55.134],3.51,21.03,2.48,52.25,132
[00:04:55.334],3.50,21.03,2.05,43.29,132
[00:04:55.434],3.52,21.11,2.48,35.29,132
[00:04:55.639],3.52,21.10,1.91,40.31,133
[00:04:55.839],3.50,21.02,2.72,57.23,133
[00:04:55.939],3.50,20.99,3.04,62.43,133
[00:04:56.040],3.52,21.09,1.53,32.21,133
[00:04:56.141],3.51,21.04,2.40,50.54,133
[00:04:56.241],3.50,20.99,2.99,62.67,133
[00:04:56.341],3.52,21.11,1.76,37.07,133
[00:04:56.442],3.51,21.07,2.24,47.18,133
[00:04:56.542],3.50,20.99,2.91,61.01,133
[00:04:56.642],3.50,21.02,2.69,56.64,133
[00:04:56.743],3.52,21.10,1.87,39.44,133
[00:04:56.843],3.50,21.03,2.53,53.29,133
[00:04:56.944],3.51,21.07,2.16,45.55,133
[00:04:57.044],3.52,21.12,1.68,35.39,133
[00:04:57.145],3.50,21.00,2.81,58.89,133
[00:04:57.349],3.52,21.14,1.46,30.91,134
[00:04:57.449],3.50,21.01,2.68,56.35,134
[00:04:57.649],3.53,21.15,1.27,26.96,134
[00:04:57.770],3.51,21.07,2.12,44.65,134
[00:04:57.870],3.50,21.01,2.76,57.87,134
[00:04:57.971],3.52,21.11,1.75,37.04,134
[00:04:58.071],3.50,20.99,2.92,61.31,134
[00:04:58.171],3.51,21.03,2.40,50.42,134
[00:04:58.272],3.51,21.07,2.20,46.26,134
[00:04:58.377],3.49,20.97,3.06,64.14,134
[00:04:58.478],3.50,21.02,2.65,55.78,134
[00:04:58.581],3.52,21.15,1.31,27.72,134
[00:04:58.682],3.50,21.02,2.52,52.97,134
[00:04:58.886],3.52,21.11,1.63,34.42,135
[00:04:58.987],3.51,21.04,2.44,51.31,135
[00:04:59.087],3.50,20.97,3.03,63.59,135
[00:04:59.188],3.51,21.08,1.94,40.84,135
[00:04:59.293],3.50,20.98,3.03,63.53,135
[00:04:59.393],3.51,21.05,2.45,51.53,135
[00:04:59.493],3.53,21.17,1.02,21.51,135
[00:04:59.593],3.49,20.96,3.16,66.25,135
[00:04:59.694],3.49,20.94,3.38,70.67,135
[00:04:59.794],3.52,21.11,1.67,35.22,135
[00:04:59.895],3.51,21.05,2.39,50.38,135
[00:04:59.995],3.50,20.98,2.87,60.14,135
[00:05:00.095],3.51,21.04,2.39,50.23,135
[00:05:00.300],3.50,21.01,2.71,56.93,136
[00:05:00.401],3.50,21.03,2.47,51.83,136
[00:05:00.503],3.53,21.16,1.14,24.11,136
[00:05:00.604],3.50,21.00,2.75,57.83,136
[00:05:00.705],3.51,21.08,2.00,42.06,136
[00:05:00.805],3.52,21.11,1.72,36.22,136
[00:05:00.906],3.50,20.98,2.98,62.47,136
[00:05:01.006],3.49,20.94,3.31,69.29,136
[00:05:01.106],3.52,21.12,1.49,31.48,136
[00:05:01.206],3.52,21.10,1.74,36.73,136
[00:05:01.307],3.50,21.00,2.83,59.39,136
[00:05:01.511],3.52,21.13,1.47,31.01,136
[00:05:01.717],3.50,21.03,2.43,50.99,136
[00:05:01.817],3.50,20.97,3.06,64.17,137
[00:05:01.917],3.51,21.06,2.24,47.08,137
[00:05:02.017],3.53,21.17,1.01,21.45,137
[00:05:02.118],3.52,21.10,1.72,36.24,137
[00:05:02.218],3.50,21.02,2.59,54.54,137
[00:05:02.319],3.50,20.98,2.87,60.18,137
[00:05:02.423],3.52,21.12,1.50,31.63,137
[00:05:02.524],3.52,21.15,1.26,26.70,137
[00:05:02.624],3.51,21.05,2.22,46.82,137
[00:05:02.724],3.50,20.99,2.78,58.34,137
[00:05:02.925],3.52,21.13,1.47,31.16,137
[00:05:03.025],3.53,21.18,1.08,22.89,137
[00:05:03.125],3.51,21.09,1.81,38.15,137
[00:05:03.226],3.50,21.01,2.64,55.45,137
[00:05:03.427],3.51,21.04,2.36,49.73,137
[00:05:03.527],3.52,21.13,1.35,28.54,137
[00:05:03.631],3.53,21.16,1.14,24.12,137
[00:05:03.733],3.51,21.07,2.14,45.01,138
[00:05:03.832],3.50,21.01,2.62,55.06,138
[00:05:04.037],3.53,21.19,0.81,17.17,138
[00:05:05.457],3.53,21.18,1.03,21.81,138
[00:05:05.557],3.51,21.07,2.14,45.15,138
[00:05:05.658],3.50,21.01,2.75,57.72,138
[00:05:05.866],3.52,21.15,1.34,28.30,138
[00:05:05.967],3.52,21.09,1.89,39.78,138
[00:05:06.067],3.50,21.00,2.88,60.50,138
[00:05:06.167],3.53,21.15,1.20,25.42,138
[00:05:06.267],3.50,21.03,2.57,53.95,139
[00:05:06.367],3.50,20.99,3.00,62.97,139
[00:05:06.469],3.52,21.12,1.54,32.43,139
[00:05:06.569],3.50,21.02,2.60,54.73,139
[00:05:06.670],3.51,21.06,2.15,45.22,139
[00:05:06.770],3.51,21.09,1.92,40.57,139
[00:05:06.870],3.50,20.99,2.92,61.23,139
[00:05:06.970],3.52,21.11,1.72,36.28,139
[00:05:07.070],3.51,21.06,2.07,43.61,139
[00:05:07.171],3.50,21.00,2.79,58.50,139
[00:05:07.271],3.52,21.14,1.38,29.12,139
[00:05:07.373],3.51,21.04,2.41,50.61,139
[00:05:07.573],3.52,21.14,1.35,28.48,139
[00:05:07.673],3.50,21.01,2.60,54.68,139
[00:05:07.874],3.52,21.15,1.23,25.94,139
[00:05:07.978],3.50,20.99,2.81,59.08,140
[00:05:08.079],3.51,21.04,2.43,51.11,140
[00:05:08.179],3.51,21.08,1.94,40.96,140
[00:05:08.279],3.50,21.02,2.59,54.46,140
[00:05:08.379],3.51,21.08,1.88,39.65,140
[00:05:08.580],3.50,21.00,2.74,57.55,140
[00:05:08.679],3.52,21.13,1.38,29.13,140
[00:05:08.779],3.51,21.07,2.01,42.39,140
[00:05:08.879],3.50,20.99,2.81,58.89,140
[00:05:08.980],3.52,21.14,1.30,27.40,140
[00:05:09.085],3.50,21.03,2.41,50.58,140
[00:05:09.190],3.50,20.99,2.87,60.31,140
[00:05:09.290],3.53,21.16,1.15,24.27,140
[00:05:09.390],3.51,21.03,2.44,51.39,140
[00:05:09.590],3.52,21.12,1.58,33.33,141
[00:05:09.691],3.53,21.19,0.86,18.15,141
[00:05:09.790],3.54,21.21,0.64,13.65,141
[00:05:13.635],3.51,21.04,2.60,54.61,141
[00:05:13.739],3.46,20.78,5.00,103.92,141
[00:05:13.839],3.51,21.07,2.11,44.46,141
[00:05:13.943],3.48,20.87,4.17,87.00,142
[00:05:14.043],3.49,20.94,3.43,71.71,142
[00:05:14.246],3.46,20.77,5.04,104.66,142
[00:05:14.347],3.49,20.94,3.36,70.41,142
[00:05:14.447],3.49,20.92,3.71,77.54,142
[00:05:14.855],3.49,20.95,3.15,65.94,142
[00:05:14.959],3.48,20.88,4.01,83.64,143
[00:05:15.059],3.49,20.96,3.12,65.40,143
[00:05:15.869],3.50,20.97,2.91,60.99,143
[00:05:17.185],3.50,21.01,1.73,49.87,144
[00:05:17.286],3.53,21.15,1.15,24.33,144
[00:05:17.386],3.53,21.20,0.60,12.76,144
[00:05:17.690],3.54,21.23,0.36,7.63,144
[00:05:24.303],3.54,21.25,0.56,11.89,145
[00:05:38.855],3.54,21.21,1.04,22.08,148
[00:05:38.955],3.54,21.25,0.66,13.98,148
[00:05:39.663],3.54,21.23,0.89,18.80,148
[00:05:40.843],3.50,21.02,2.92,61.29,148
[00:05:41.143],3.55,21.29,0.19,4.11,148
